generation_id,generation_name,generation_url,car_url
9ceb4730d4e3b1ca941e03d950f0818b,León 1999-2008,https://www.encycarpedia.com/es/seat/99-leon,https://www.encycarpedia.com/es/seat/00-len-1-4-16v-75-hatch
9ceb4730d4e3b1ca941e03d950f0818b,León 1999-2008,https://www.encycarpedia.com/es/seat/99-leon,https://www.encycarpedia.com/es/seat/00-len-1-6-100-hatch
9ceb4730d4e3b1ca941e03d950f0818b,León 1999-2008,https://www.encycarpedia.com/es/seat/99-leon,https://www.encycarpedia.com/es/seat/00-len-1-8-20v-125-hatch
9ceb4730d4e3b1ca941e03d950f0818b,León 1999-2008,https://www.encycarpedia.com/es/seat/99-leon,https://www.encycarpedia.com/es/seat/00-len-1-9-sdi-68-hatch
9ceb4730d4e3b1ca941e03d950f0818b,León 1999-2008,https://www.encycarpedia.com/es/seat/99-leon,https://www.encycarpedia.com/es/seat/00-len-1-9-tdi-110-hatch
9ceb4730d4e3b1ca941e03d950f0818b,León 1999-2008,https://www.encycarpedia.com/es/seat/99-leon,https://www.encycarpedia.com/es/seat/00-len-1-9-tdi-90-hatch
9ceb4730d4e3b1ca941e03d950f0818b,León 1999-2008,https://www.encycarpedia.com/es/seat/99-leon,https://www.encycarpedia.com/es/seat/00-leon-cupra-1-8t-20v-hatch
9ceb4730d4e3b1ca941e03d950f0818b,León 1999-2008,https://www.encycarpedia.com/es/seat/99-leon,https://www.encycarpedia.com/es/seat/01-len-1-6-16v-105-hatch
9ceb4730d4e3b1ca941e03d950f0818b,León 1999-2008,https://www.encycarpedia.com/es/seat/99-leon,https://www.encycarpedia.com/es/seat/01-leon-2-8-vr6-24v-cupra-4-hatch
9ceb4730d4e3b1ca941e03d950f0818b,León 1999-2008,https://www.encycarpedia.com/es/seat/99-leon,https://www.encycarpedia.com/es/seat/01-leon-cupra-4-tdi-hatch
9ceb4730d4e3b1ca941e03d950f0818b,León 1999-2008,https://www.encycarpedia.com/es/seat/99-leon,https://www.encycarpedia.com/es/seat/02-leon-cupra-r-hatch
9ceb4730d4e3b1ca941e03d950f0818b,León 1999-2008,https://www.encycarpedia.com/es/seat/99-leon,https://www.encycarpedia.com/es/seat/03-len-1-9-tdi-130-hatch
9ceb4730d4e3b1ca941e03d950f0818b,León 1999-2008,https://www.encycarpedia.com/es/seat/99-leon,https://www.encycarpedia.com/es/seat/03-leon-cupra-r-1-8t-20v-hatch
9ceb4730d4e3b1ca941e03d950f0818b,León 1999-2008,https://www.encycarpedia.com/es/seat/99-leon,https://www.encycarpedia.com/es/seat/06-len-torro-1-6-16v-105-hatch
9ceb4730d4e3b1ca941e03d950f0818b,León 1999-2008,https://www.encycarpedia.com/es/seat/99-leon,https://www.encycarpedia.com/es/seat/06-len-torro-1-9-tdi-100-hatch
5789bd33187949a93844a79aae76f61a,León 2005-2012,https://www.encycarpedia.com/es/seat/05-leon,https://www.encycarpedia.com/es/seat/05-leon-1-6-hatch
5789bd33187949a93844a79aae76f61a,León 2005-2012,https://www.encycarpedia.com/es/seat/05-leon,https://www.encycarpedia.com/es/seat/05-leon-1-9-tdi-hatch
5789bd33187949a93844a79aae76f61a,León 2005-2012,https://www.encycarpedia.com/es/seat/05-leon,https://www.encycarpedia.com/es/seat/05-leon-2-0-fsi-hatch
5789bd33187949a93844a79aae76f61a,León 2005-2012,https://www.encycarpedia.com/es/seat/05-leon,https://www.encycarpedia.com/es/seat/05-leon-2-0-tdi-hatch
5789bd33187949a93844a79aae76f61a,León 2005-2012,https://www.encycarpedia.com/es/seat/05-leon,https://www.encycarpedia.com/es/seat/05-leon-2-0-tfsi-hatch
5789bd33187949a93844a79aae76f61a,León 2005-2012,https://www.encycarpedia.com/es/seat/05-leon,https://www.encycarpedia.com/es/seat/06-leon-2-0-tdi-fr-hatch
5789bd33187949a93844a79aae76f61a,León 2005-2012,https://www.encycarpedia.com/es/seat/05-leon,https://www.encycarpedia.com/es/seat/06-leon-2-0-tfsi-fr-hatch
5789bd33187949a93844a79aae76f61a,León 2005-2012,https://www.encycarpedia.com/es/seat/05-leon,https://www.encycarpedia.com/es/seat/07-leon-1-4-hatch
5789bd33187949a93844a79aae76f61a,León 2005-2012,https://www.encycarpedia.com/es/seat/05-leon,https://www.encycarpedia.com/es/seat/07-leon-1-4-tsi-hatch
5789bd33187949a93844a79aae76f61a,León 2005-2012,https://www.encycarpedia.com/es/seat/05-leon,https://www.encycarpedia.com/es/seat/07-leon-1-8-tsi-hatch
5789bd33187949a93844a79aae76f61a,León 2005-2012,https://www.encycarpedia.com/es/seat/05-leon,https://www.encycarpedia.com/es/seat/07-leon-cupra-2-0-tfsi-hatch
5789bd33187949a93844a79aae76f61a,León 2005-2012,https://www.encycarpedia.com/es/seat/05-leon,https://www.encycarpedia.com/es/seat/08-leon-cupra-copa-edition-hatch
5789bd33187949a93844a79aae76f61a,León 2005-2012,https://www.encycarpedia.com/es/seat/05-leon,https://www.encycarpedia.com/es/seat/09-leon-1-4-hatch
5789bd33187949a93844a79aae76f61a,León 2005-2012,https://www.encycarpedia.com/es/seat/05-leon,https://www.encycarpedia.com/es/seat/09-leon-1-4-tsi-hatch
5789bd33187949a93844a79aae76f61a,León 2005-2012,https://www.encycarpedia.com/es/seat/05-leon,https://www.encycarpedia.com/es/seat/09-leon-1-6-tdi-ecomotive-hatch
5789bd33187949a93844a79aae76f61a,León 2005-2012,https://www.encycarpedia.com/es/seat/05-leon,https://www.encycarpedia.com/es/seat/09-leon-2-0-tfsi-fr-hatch
5789bd33187949a93844a79aae76f61a,León 2005-2012,https://www.encycarpedia.com/es/seat/05-leon,https://www.encycarpedia.com/es/seat/09-leon-cupra-r-hatch
5789bd33187949a93844a79aae76f61a,León 2005-2012,https://www.encycarpedia.com/es/seat/05-leon,https://www.encycarpedia.com/es/seat/10-leon-1-2-tsi-hatch
5789bd33187949a93844a79aae76f61a,León 2005-2012,https://www.encycarpedia.com/es/seat/05-leon,https://www.encycarpedia.com/es/seat/10-leon-1-8-tsi-hatch
5789bd33187949a93844a79aae76f61a,León 2005-2012,https://www.encycarpedia.com/es/seat/05-leon,https://www.encycarpedia.com/es/seat/10-leon-2-0-tdi-fr-hatch
5789bd33187949a93844a79aae76f61a,León 2005-2012,https://www.encycarpedia.com/es/seat/05-leon,https://www.encycarpedia.com/es/seat/10-leon-2-0-tdi-hatch
5789bd33187949a93844a79aae76f61a,León 2005-2012,https://www.encycarpedia.com/es/seat/05-leon,https://www.encycarpedia.com/es/seat/11-leon-1-6-tdi-hatch
d5197a500635b1841b8b2120dd034887,León 2012-2020,https://www.encycarpedia.com/es/seat/12-leon,https://www.encycarpedia.com/es/seat/12-leon-1-2-tsi-86-hatch
d5197a500635b1841b8b2120dd034887,León 2012-2020,https://www.encycarpedia.com/es/seat/12-leon,https://www.encycarpedia.com/es/seat/12-leon-1-2-tsi-s-s-105-hatch
d5197a500635b1841b8b2120dd034887,León 2012-2020,https://www.encycarpedia.com/es/seat/12-leon,https://www.encycarpedia.com/es/seat/12-leon-1-4-tsi-s-s-122-hatch
d5197a500635b1841b8b2120dd034887,León 2012-2020,https://www.encycarpedia.com/es/seat/12-leon,https://www.encycarpedia.com/es/seat/12-leon-1-4-tsi-s-s-140-hatch
d5197a500635b1841b8b2120dd034887,León 2012-2020,https://www.encycarpedia.com/es/seat/12-leon,https://www.encycarpedia.com/es/seat/12-leon-1-6-tdi-90-hatch
d5197a500635b1841b8b2120dd034887,León 2012-2020,https://www.encycarpedia.com/es/seat/12-leon,https://www.encycarpedia.com/es/seat/12-leon-1-6-tdi-s-s-105-hatch
d5197a500635b1841b8b2120dd034887,León 2012-2020,https://www.encycarpedia.com/es/seat/12-leon,https://www.encycarpedia.com/es/seat/12-leon-1-8-tsi-s-s-180-hatch
d5197a500635b1841b8b2120dd034887,León 2012-2020,https://www.encycarpedia.com/es/seat/12-leon,https://www.encycarpedia.com/es/seat/12-leon-2-0-tdi-s-s-150-hatch
d5197a500635b1841b8b2120dd034887,León 2012-2020,https://www.encycarpedia.com/es/seat/12-leon,https://www.encycarpedia.com/es/seat/12-leon-2-0-tdi-s-s-184-hatch
d5197a500635b1841b8b2120dd034887,León 2012-2020,https://www.encycarpedia.com/es/seat/12-leon,https://www.encycarpedia.com/es/seat/13-leon-1-6-tdi-ecomotive-110-hatch
d5197a500635b1841b8b2120dd034887,León 2012-2020,https://www.encycarpedia.com/es/seat/12-leon,https://www.encycarpedia.com/es/seat/13-leon-sc-1-2-tsi-86-hatch
d5197a500635b1841b8b2120dd034887,León 2012-2020,https://www.encycarpedia.com/es/seat/12-leon,https://www.encycarpedia.com/es/seat/13-leon-sc-1-2-tsi-s-s-105-hatch
d5197a500635b1841b8b2120dd034887,León 2012-2020,https://www.encycarpedia.com/es/seat/12-leon,https://www.encycarpedia.com/es/seat/13-leon-sc-1-4-tsi-s-s-122-hatch
d5197a500635b1841b8b2120dd034887,León 2012-2020,https://www.encycarpedia.com/es/seat/12-leon,https://www.encycarpedia.com/es/seat/13-leon-sc-1-4-tsi-s-s-140-hatch
d5197a500635b1841b8b2120dd034887,León 2012-2020,https://www.encycarpedia.com/es/seat/12-leon,https://www.encycarpedia.com/es/seat/13-leon-sc-1-6-tdi-90-hatch
d5197a500635b1841b8b2120dd034887,León 2012-2020,https://www.encycarpedia.com/es/seat/12-leon,https://www.encycarpedia.com/es/seat/13-leon-sc-1-6-tdi-ecomotive-110-hatch
d5197a500635b1841b8b2120dd034887,León 2012-2020,https://www.encycarpedia.com/es/seat/12-leon,https://www.encycarpedia.com/es/seat/13-leon-sc-1-6-tdi-s-s-105-hatch
d5197a500635b1841b8b2120dd034887,León 2012-2020,https://www.encycarpedia.com/es/seat/12-leon,https://www.encycarpedia.com/es/seat/13-leon-sc-1-8-tsi-s-s-180-hatch
d5197a500635b1841b8b2120dd034887,León 2012-2020,https://www.encycarpedia.com/es/seat/12-leon,https://www.encycarpedia.com/es/seat/13-leon-sc-2-0-tdi-s-s-150-hatch
d5197a500635b1841b8b2120dd034887,León 2012-2020,https://www.encycarpedia.com/es/seat/12-leon,https://www.encycarpedia.com/es/seat/13-leon-sc-2-0-tdi-s-s-184-hatch
d5197a500635b1841b8b2120dd034887,León 2012-2020,https://www.encycarpedia.com/es/seat/12-leon,https://www.encycarpedia.com/es/seat/13-leon-st-1-2-tsi-86-familiar
d5197a500635b1841b8b2120dd034887,León 2012-2020,https://www.encycarpedia.com/es/seat/12-leon,https://www.encycarpedia.com/es/seat/13-leon-st-1-2-tsi-s-s-105-familiar
d5197a500635b1841b8b2120dd034887,León 2012-2020,https://www.encycarpedia.com/es/seat/12-leon,https://www.encycarpedia.com/es/seat/13-leon-st-1-4-tsi-s-s-122-familiar
d5197a500635b1841b8b2120dd034887,León 2012-2020,https://www.encycarpedia.com/es/seat/12-leon,https://www.encycarpedia.com/es/seat/13-leon-st-1-4-tsi-s-s-140-familiar
d5197a500635b1841b8b2120dd034887,León 2012-2020,https://www.encycarpedia.com/es/seat/12-leon,https://www.encycarpedia.com/es/seat/13-leon-st-1-6-tdi-90-familiar
d5197a500635b1841b8b2120dd034887,León 2012-2020,https://www.encycarpedia.com/es/seat/12-leon,https://www.encycarpedia.com/es/seat/13-leon-st-1-6-tdi-ecomotive-110-familiar
d5197a500635b1841b8b2120dd034887,León 2012-2020,https://www.encycarpedia.com/es/seat/12-leon,https://www.encycarpedia.com/es/seat/13-leon-st-1-6-tdi-s-s-105-familiar
d5197a500635b1841b8b2120dd034887,León 2012-2020,https://www.encycarpedia.com/es/seat/12-leon,https://www.encycarpedia.com/es/seat/13-leon-st-1-8-tsi-s-s-180-familiar
d5197a500635b1841b8b2120dd034887,León 2012-2020,https://www.encycarpedia.com/es/seat/12-leon,https://www.encycarpedia.com/es/seat/13-leon-st-2-0-tdi-s-s-150-familiar
d5197a500635b1841b8b2120dd034887,León 2012-2020,https://www.encycarpedia.com/es/seat/12-leon,https://www.encycarpedia.com/es/seat/13-leon-st-2-0-tdi-s-s-184-familiar
d5197a500635b1841b8b2120dd034887,León 2012-2020,https://www.encycarpedia.com/es/seat/12-leon,https://www.encycarpedia.com/es/seat/14-leon-1-2-tsi-s-s-110-hatch
d5197a500635b1841b8b2120dd034887,León 2012-2020,https://www.encycarpedia.com/es/seat/12-leon,https://www.encycarpedia.com/es/seat/14-leon-1-4-tgi-s-s-lpg-110-hatch
d5197a500635b1841b8b2120dd034887,León 2012-2020,https://www.encycarpedia.com/es/seat/12-leon,https://www.encycarpedia.com/es/seat/14-leon-1-4-tsi-s-s-125-hatch
d5197a500635b1841b8b2120dd034887,León 2012-2020,https://www.encycarpedia.com/es/seat/12-leon,https://www.encycarpedia.com/es/seat/14-leon-1-4-tsi-s-s-150-hatch
d5197a500635b1841b8b2120dd034887,León 2012-2020,https://www.encycarpedia.com/es/seat/12-leon,https://www.encycarpedia.com/es/seat/14-leon-cupra-265-hatch
d5197a500635b1841b8b2120dd034887,León 2012-2020,https://www.encycarpedia.com/es/seat/12-leon,https://www.encycarpedia.com/es/seat/14-leon-cupra-280-hatch
d5197a500635b1841b8b2120dd034887,León 2012-2020,https://www.encycarpedia.com/es/seat/12-leon,https://www.encycarpedia.com/es/seat/14-leon-sc-1-2-tsi-s-s-110-hatch
d5197a500635b1841b8b2120dd034887,León 2012-2020,https://www.encycarpedia.com/es/seat/12-leon,https://www.encycarpedia.com/es/seat/14-leon-sc-1-4-tsi-s-s-125-hatch
d5197a500635b1841b8b2120dd034887,León 2012-2020,https://www.encycarpedia.com/es/seat/12-leon,https://www.encycarpedia.com/es/seat/14-leon-sc-1-4-tsi-s-s-150-hatch
d5197a500635b1841b8b2120dd034887,León 2012-2020,https://www.encycarpedia.com/es/seat/12-leon,https://www.encycarpedia.com/es/seat/14-leon-sc-cupra-265-hatch
d5197a500635b1841b8b2120dd034887,León 2012-2020,https://www.encycarpedia.com/es/seat/12-leon,https://www.encycarpedia.com/es/seat/14-leon-sc-cupra-280-hatch
d5197a500635b1841b8b2120dd034887,León 2012-2020,https://www.encycarpedia.com/es/seat/12-leon,https://www.encycarpedia.com/es/seat/14-leon-st-1-2-tsi-s-s-110-familiar
d5197a500635b1841b8b2120dd034887,León 2012-2020,https://www.encycarpedia.com/es/seat/12-leon,https://www.encycarpedia.com/es/seat/14-leon-st-1-4-tgi-s-s-lpg-110-familiar
d5197a500635b1841b8b2120dd034887,León 2012-2020,https://www.encycarpedia.com/es/seat/12-leon,https://www.encycarpedia.com/es/seat/14-leon-st-1-4-tsi-s-s-125-familiar
d5197a500635b1841b8b2120dd034887,León 2012-2020,https://www.encycarpedia.com/es/seat/12-leon,https://www.encycarpedia.com/es/seat/14-leon-st-1-4-tsi-s-s-150-familiar
d5197a500635b1841b8b2120dd034887,León 2012-2020,https://www.encycarpedia.com/es/seat/12-leon,https://www.encycarpedia.com/es/seat/14-leon-x-perience-1-6-tdi-s-s-110-familiar
d5197a500635b1841b8b2120dd034887,León 2012-2020,https://www.encycarpedia.com/es/seat/12-leon,https://www.encycarpedia.com/es/seat/14-leon-x-perience-1-8-tsi-s-s-180-familiar
d5197a500635b1841b8b2120dd034887,León 2012-2020,https://www.encycarpedia.com/es/seat/12-leon,https://www.encycarpedia.com/es/seat/14-leon-x-perience-2-0-tdi-s-s-150-familiar
d5197a500635b1841b8b2120dd034887,León 2012-2020,https://www.encycarpedia.com/es/seat/12-leon,https://www.encycarpedia.com/es/seat/14-leon-x-perience-2-0-tdi-s-s-184-familiar
d5197a500635b1841b8b2120dd034887,León 2012-2020,https://www.encycarpedia.com/es/seat/12-leon,https://www.encycarpedia.com/es/seat/15-leon-1-0-tsi-ecomotive-115-hatch
d5197a500635b1841b8b2120dd034887,León 2012-2020,https://www.encycarpedia.com/es/seat/12-leon,https://www.encycarpedia.com/es/seat/15-leon-1-6-tdi-s-s-110-hatch
d5197a500635b1841b8b2120dd034887,León 2012-2020,https://www.encycarpedia.com/es/seat/12-leon,https://www.encycarpedia.com/es/seat/15-leon-cupra-290-hatch
d5197a500635b1841b8b2120dd034887,León 2012-2020,https://www.encycarpedia.com/es/seat/12-leon,https://www.encycarpedia.com/es/seat/15-leon-sc-1-0-tsi-ecomotive-115-hatch
d5197a500635b1841b8b2120dd034887,León 2012-2020,https://www.encycarpedia.com/es/seat/12-leon,https://www.encycarpedia.com/es/seat/15-leon-sc-cupra-290-hatch
d5197a500635b1841b8b2120dd034887,León 2012-2020,https://www.encycarpedia.com/es/seat/12-leon,https://www.encycarpedia.com/es/seat/15-leon-st-1-0-tsi-ecomotive-115-familiar
d5197a500635b1841b8b2120dd034887,León 2012-2020,https://www.encycarpedia.com/es/seat/12-leon,https://www.encycarpedia.com/es/seat/15-leon-st-1-6-tdi-s-s-110-familiar
d5197a500635b1841b8b2120dd034887,León 2012-2020,https://www.encycarpedia.com/es/seat/12-leon,https://www.encycarpedia.com/es/seat/15-leon-st-cupra-265-familiar
d5197a500635b1841b8b2120dd034887,León 2012-2020,https://www.encycarpedia.com/es/seat/12-leon,https://www.encycarpedia.com/es/seat/15-leon-st-cupra-280-familiar
d5197a500635b1841b8b2120dd034887,León 2012-2020,https://www.encycarpedia.com/es/seat/12-leon,https://www.encycarpedia.com/es/seat/15-leon-st-cupra-290-familiar
d5197a500635b1841b8b2120dd034887,León 2012-2020,https://www.encycarpedia.com/es/seat/12-leon,https://www.encycarpedia.com/es/seat/15-leon-x-perience-1-4-tsi-s-s-125-familiar
d5197a500635b1841b8b2120dd034887,León 2012-2020,https://www.encycarpedia.com/es/seat/12-leon,https://www.encycarpedia.com/es/seat/15-leon-x-perience-1-6-tdi-s-s-110-familiar
d5197a500635b1841b8b2120dd034887,León 2012-2020,https://www.encycarpedia.com/es/seat/12-leon,https://www.encycarpedia.com/es/seat/16-leon-1-2-tsi-86-hatch
d5197a500635b1841b8b2120dd034887,León 2012-2020,https://www.encycarpedia.com/es/seat/12-leon,https://www.encycarpedia.com/es/seat/16-leon-1-2-tsi-s-s-110-hatch
d5197a500635b1841b8b2120dd034887,León 2012-2020,https://www.encycarpedia.com/es/seat/12-leon,https://www.encycarpedia.com/es/seat/16-leon-1-4-tgi-s-s-lpg-110-hatch
d5197a500635b1841b8b2120dd034887,León 2012-2020,https://www.encycarpedia.com/es/seat/12-leon,https://www.encycarpedia.com/es/seat/16-leon-1-4-tsi-s-s-150-hatch
d5197a500635b1841b8b2120dd034887,León 2012-2020,https://www.encycarpedia.com/es/seat/12-leon,https://www.encycarpedia.com/es/seat/16-leon-1-8-tsi-s-s-180-hatch
d5197a500635b1841b8b2120dd034887,León 2012-2020,https://www.encycarpedia.com/es/seat/12-leon,https://www.encycarpedia.com/es/seat/16-leon-2-0-tdi-s-s-150-hatch
d5197a500635b1841b8b2120dd034887,León 2012-2020,https://www.encycarpedia.com/es/seat/12-leon,https://www.encycarpedia.com/es/seat/16-leon-2-0-tdi-s-s-184-hatch
d5197a500635b1841b8b2120dd034887,León 2012-2020,https://www.encycarpedia.com/es/seat/12-leon,https://www.encycarpedia.com/es/seat/16-leon-sc-1-2-tsi-86-hatch
d5197a500635b1841b8b2120dd034887,León 2012-2020,https://www.encycarpedia.com/es/seat/12-leon,https://www.encycarpedia.com/es/seat/16-leon-sc-1-4-tsi-s-s-125-hatch
d5197a500635b1841b8b2120dd034887,León 2012-2020,https://www.encycarpedia.com/es/seat/12-leon,https://www.encycarpedia.com/es/seat/16-leon-sc-1-4-tsi-s-s-150-hatch
d5197a500635b1841b8b2120dd034887,León 2012-2020,https://www.encycarpedia.com/es/seat/12-leon,https://www.encycarpedia.com/es/seat/16-leon-sc-1-8-tsi-s-s-180-hatch
d5197a500635b1841b8b2120dd034887,León 2012-2020,https://www.encycarpedia.com/es/seat/12-leon,https://www.encycarpedia.com/es/seat/16-leon-sc-2-0-tdi-s-s-150-hatch
d5197a500635b1841b8b2120dd034887,León 2012-2020,https://www.encycarpedia.com/es/seat/12-leon,https://www.encycarpedia.com/es/seat/16-leon-sc-2-0-tdi-s-s-184-hatch
d5197a500635b1841b8b2120dd034887,León 2012-2020,https://www.encycarpedia.com/es/seat/12-leon,https://www.encycarpedia.com/es/seat/16-leon-st-1-2-tsi-86-familiar
d5197a500635b1841b8b2120dd034887,León 2012-2020,https://www.encycarpedia.com/es/seat/12-leon,https://www.encycarpedia.com/es/seat/16-leon-st-1-2-tsi-s-s-110-familiar
d5197a500635b1841b8b2120dd034887,León 2012-2020,https://www.encycarpedia.com/es/seat/12-leon,https://www.encycarpedia.com/es/seat/16-leon-st-1-4-tsi-s-s-150-familiar
d5197a500635b1841b8b2120dd034887,León 2012-2020,https://www.encycarpedia.com/es/seat/12-leon,https://www.encycarpedia.com/es/seat/16-leon-st-1-6-tdi-s-s-115-familiar
d5197a500635b1841b8b2120dd034887,León 2012-2020,https://www.encycarpedia.com/es/seat/12-leon,https://www.encycarpedia.com/es/seat/16-leon-st-1-8-tsi-s-s-180-familiar
d5197a500635b1841b8b2120dd034887,León 2012-2020,https://www.encycarpedia.com/es/seat/12-leon,https://www.encycarpedia.com/es/seat/16-leon-st-2-0-tdi-s-s-150-familiar
d5197a500635b1841b8b2120dd034887,León 2012-2020,https://www.encycarpedia.com/es/seat/12-leon,https://www.encycarpedia.com/es/seat/16-leon-st-2-0-tdi-s-s-184-familiar
d5197a500635b1841b8b2120dd034887,León 2012-2020,https://www.encycarpedia.com/es/seat/12-leon,https://www.encycarpedia.com/es/seat/16-leon-x-perience-1-6-tdi-s-s-115-familiar
d5197a500635b1841b8b2120dd034887,León 2012-2020,https://www.encycarpedia.com/es/seat/12-leon,https://www.encycarpedia.com/es/seat/16-leon-x-perience-1-8-tsi-s-s-180-familiar
d5197a500635b1841b8b2120dd034887,León 2012-2020,https://www.encycarpedia.com/es/seat/12-leon,https://www.encycarpedia.com/es/seat/16-leon-x-perience-2-0-tdi-s-s-184-familiar
d5197a500635b1841b8b2120dd034887,León 2012-2020,https://www.encycarpedia.com/es/seat/12-leon,https://www.encycarpedia.com/es/seat/17-leon-cupra-300-hatch
d5197a500635b1841b8b2120dd034887,León 2012-2020,https://www.encycarpedia.com/es/seat/12-leon,https://www.encycarpedia.com/es/seat/17-leon-sc-cupra-300-hatch
d5197a500635b1841b8b2120dd034887,León 2012-2020,https://www.encycarpedia.com/es/seat/12-leon,https://www.encycarpedia.com/es/seat/17-leon-st-cupra-300-familiar
d5197a500635b1841b8b2120dd034887,León 2012-2020,https://www.encycarpedia.com/es/seat/12-leon,https://www.encycarpedia.com/es/seat/18-leon-cupra-r-hatch
d5197a500635b1841b8b2120dd034887,León 2012-2020,https://www.encycarpedia.com/es/seat/12-leon,https://www.encycarpedia.com/es/seat/19-leon-cupra-r-sportstourer-familiar
c334f06f7059dd55c7436bf42b1d0365,León 2020-actualidad,https://www.encycarpedia.com/es/seat/20-leon,https://www.encycarpedia.com/es/seat/20-leon-1-5-tsi-130-hatch
c334f06f7059dd55c7436bf42b1d0365,León 2020-actualidad,https://www.encycarpedia.com/es/seat/20-leon,https://www.encycarpedia.com/es/seat/20-leon-1-5-tsi-150-hatch
c334f06f7059dd55c7436bf42b1d0365,León 2020-actualidad,https://www.encycarpedia.com/es/seat/20-leon,https://www.encycarpedia.com/es/seat/20-leon-1-5-tsi-150-mhev-hatch
c334f06f7059dd55c7436bf42b1d0365,León 2020-actualidad,https://www.encycarpedia.com/es/seat/20-leon,https://www.encycarpedia.com/es/seat/20-leon-2-0-tdi-150-hatch
c334f06f7059dd55c7436bf42b1d0365,León 2020-actualidad,https://www.encycarpedia.com/es/seat/20-leon,https://www.encycarpedia.com/es/seat/20-leon-sportstourer-1-5-tsi-130-familiar
c334f06f7059dd55c7436bf42b1d0365,León 2020-actualidad,https://www.encycarpedia.com/es/seat/20-leon,https://www.encycarpedia.com/es/seat/20-leon-sportstourer-1-5-tsi-150-familiar
c334f06f7059dd55c7436bf42b1d0365,León 2020-actualidad,https://www.encycarpedia.com/es/seat/20-leon,https://www.encycarpedia.com/es/seat/20-leon-sportstourer-1-5-tsi-150-mhev-familiar
c334f06f7059dd55c7436bf42b1d0365,León 2020-actualidad,https://www.encycarpedia.com/es/seat/20-leon,https://www.encycarpedia.com/es/seat/20-leon-sportstourer-2-0-tdi-150-familiar
c334f06f7059dd55c7436bf42b1d0365,León 2020-actualidad,https://www.encycarpedia.com/es/seat/20-leon,https://www.encycarpedia.com/es/seat/21-cupra-leon-1-5-etsi-150-hatch
c334f06f7059dd55c7436bf42b1d0365,León 2020-actualidad,https://www.encycarpedia.com/es/seat/20-leon,https://www.encycarpedia.com/es/seat/21-cupra-leon-190-hatch
c334f06f7059dd55c7436bf42b1d0365,León 2020-actualidad,https://www.encycarpedia.com/es/seat/20-leon,https://www.encycarpedia.com/es/seat/21-cupra-leon-245-hatch
c334f06f7059dd55c7436bf42b1d0365,León 2020-actualidad,https://www.encycarpedia.com/es/seat/20-leon,https://www.encycarpedia.com/es/seat/21-cupra-leon-300-hatch
c334f06f7059dd55c7436bf42b1d0365,León 2020-actualidad,https://www.encycarpedia.com/es/seat/20-leon,https://www.encycarpedia.com/es/seat/21-cupra-leon-e-hybrid-204-hatch
c334f06f7059dd55c7436bf42b1d0365,León 2020-actualidad,https://www.encycarpedia.com/es/seat/20-leon,https://www.encycarpedia.com/es/seat/21-cupra-leon-e-hybrid-245-hatch
c334f06f7059dd55c7436bf42b1d0365,León 2020-actualidad,https://www.encycarpedia.com/es/seat/20-leon,https://www.encycarpedia.com/es/seat/21-cupra-leon-sportstourer-190-familiar
c334f06f7059dd55c7436bf42b1d0365,León 2020-actualidad,https://www.encycarpedia.com/es/seat/20-leon,https://www.encycarpedia.com/es/seat/21-cupra-leon-sportstourer-300-familiar
c334f06f7059dd55c7436bf42b1d0365,León 2020-actualidad,https://www.encycarpedia.com/es/seat/20-leon,https://www.encycarpedia.com/es/seat/21-cupra-leon-sportstourer-4drive-310-familiar
c334f06f7059dd55c7436bf42b1d0365,León 2020-actualidad,https://www.encycarpedia.com/es/seat/20-leon,https://www.encycarpedia.com/es/seat/21-cupra-leon-sportstourer-e-hybrid-204-familiar
c334f06f7059dd55c7436bf42b1d0365,León 2020-actualidad,https://www.encycarpedia.com/es/seat/20-leon,https://www.encycarpedia.com/es/seat/21-cupra-leon-sportstourer-e-hybrid-245-familiar
c334f06f7059dd55c7436bf42b1d0365,León 2020-actualidad,https://www.encycarpedia.com/es/seat/20-leon,https://www.encycarpedia.com/es/seat/21-cupra-leon-sportstourer-etsi-150-familiar
c334f06f7059dd55c7436bf42b1d0365,León 2020-actualidad,https://www.encycarpedia.com/es/seat/20-leon,https://www.encycarpedia.com/es/seat/24-cupra-leon-1-5-etsi-150-hatch
c334f06f7059dd55c7436bf42b1d0365,León 2020-actualidad,https://www.encycarpedia.com/es/seat/20-leon,https://www.encycarpedia.com/es/seat/24-cupra-leon-2-0-tsi-300-hatch
c334f06f7059dd55c7436bf42b1d0365,León 2020-actualidad,https://www.encycarpedia.com/es/seat/20-leon,https://www.encycarpedia.com/es/seat/24-cupra-leon-e-hybrid-272-hatch
c334f06f7059dd55c7436bf42b1d0365,León 2020-actualidad,https://www.encycarpedia.com/es/seat/20-leon,https://www.encycarpedia.com/es/seat/24-cupra-leon-sportstourer-ehybrid-272-familiar
c334f06f7059dd55c7436bf42b1d0365,León 2020-actualidad,https://www.encycarpedia.com/es/seat/20-leon,https://www.encycarpedia.com/es/seat/24-cupra-leon-sportstourer-etsi-150-familiar
c334f06f7059dd55c7436bf42b1d0365,León 2020-actualidad,https://www.encycarpedia.com/es/seat/20-leon,https://www.encycarpedia.com/es/seat/24-cupra-leon-sportstourer-vz-333-familiar
c334f06f7059dd55c7436bf42b1d0365,León 2020-actualidad,https://www.encycarpedia.com/es/seat/20-leon,https://www.encycarpedia.com/es/seat/24-leon-1-5-etsi-115-hatch
c334f06f7059dd55c7436bf42b1d0365,León 2020-actualidad,https://www.encycarpedia.com/es/seat/20-leon,https://www.encycarpedia.com/es/seat/24-leon-1-5-etsi-150-hatch
c334f06f7059dd55c7436bf42b1d0365,León 2020-actualidad,https://www.encycarpedia.com/es/seat/20-leon,https://www.encycarpedia.com/es/seat/24-leon-1-5-tsi-115-hatch
c334f06f7059dd55c7436bf42b1d0365,León 2020-actualidad,https://www.encycarpedia.com/es/seat/20-leon,https://www.encycarpedia.com/es/seat/24-leon-1-5-tsi-150-hatch
c334f06f7059dd55c7436bf42b1d0365,León 2020-actualidad,https://www.encycarpedia.com/es/seat/20-leon,https://www.encycarpedia.com/es/seat/24-leon-2-0-tdi-115-hatch
c334f06f7059dd55c7436bf42b1d0365,León 2020-actualidad,https://www.encycarpedia.com/es/seat/20-leon,https://www.encycarpedia.com/es/seat/24-leon-2-0-tdi-150-hatch
c334f06f7059dd55c7436bf42b1d0365,León 2020-actualidad,https://www.encycarpedia.com/es/seat/20-leon,https://www.encycarpedia.com/es/seat/24-leon-e-hybrid-204-hatch
c334f06f7059dd55c7436bf42b1d0365,León 2020-actualidad,https://www.encycarpedia.com/es/seat/20-leon,https://www.encycarpedia.com/es/seat/24-leon-sportstourer-1-5-etsi-115-familiar
c334f06f7059dd55c7436bf42b1d0365,León 2020-actualidad,https://www.encycarpedia.com/es/seat/20-leon,https://www.encycarpedia.com/es/seat/24-leon-sportstourer-1-5-etsi-150-familiar
c334f06f7059dd55c7436bf42b1d0365,León 2020-actualidad,https://www.encycarpedia.com/es/seat/20-leon,https://www.encycarpedia.com/es/seat/24-leon-sportstourer-1-5-tsi-115-familiar
c334f06f7059dd55c7436bf42b1d0365,León 2020-actualidad,https://www.encycarpedia.com/es/seat/20-leon,https://www.encycarpedia.com/es/seat/24-leon-sportstourer-1-5-tsi-150-familiar
c334f06f7059dd55c7436bf42b1d0365,León 2020-actualidad,https://www.encycarpedia.com/es/seat/20-leon,https://www.encycarpedia.com/es/seat/24-leon-sportstourer-2-0-tdi-115-familiar
c334f06f7059dd55c7436bf42b1d0365,León 2020-actualidad,https://www.encycarpedia.com/es/seat/20-leon,https://www.encycarpedia.com/es/seat/24-leon-sportstourer-2-0-tdi-150-familiar
c334f06f7059dd55c7436bf42b1d0365,León 2020-actualidad,https://www.encycarpedia.com/es/seat/20-leon,https://www.encycarpedia.com/es/seat/24-leon-sportstourer-e-hybrid-204-familiar
c334f06f7059dd55c7436bf42b1d0365,León 2020-actualidad,https://www.encycarpedia.com/es/seat/20-leon,https://www.encycarpedia.com/es/seat/26-cupra-leon-vz-hatch
